<?xml version="1.0" encoding="UTF-8"?>
<DARoots Version="1" Minor="30">
  <FileSet Name="constrs_in" Type="Constrs" RelSrcDir="$PSRCDIR/constrs_1">
    <Filter Type="Constrs"/>
    <File Path="$PSRCDIR/constrs_1/imports/lab2/lab2.xdc">
      <FileInfo>
        <Attr Name="ImportPath" Val="$PPRDIR/../lab2/lab2.xdc"/>
        <Attr Name="ImportTime" Val="1428976337"/>
        <Attr Name="UsedInSynthesis" Val="1"/>
        <Attr Name="UsedInImplementation" Val="1"/>
        <Attr Name="UsedIn" Val="synthesis"/>
        <Attr Name="UsedIn" Val="implementation"/>
      </FileInfo>
    </File>
    <File Path="$PDATADIR/constrs_1/designprops.xml">
      <FileInfo SFType="CompatPartsDb">
        <Attr Name="ImportPath" Val="$PPRDIR/../lab2/lab2.data/constrs_1/designprops.xml"/>
        <Attr Name="ImportTime" Val="1428981848"/>
      </FileInfo>
    </File>
    <File Path="$PDATADIR/constrs_1/usercols.xml">
      <FileInfo SFType="UserColsDb">
        <Attr Name="ImportPath" Val="$PPRDIR/../lab2/lab2.data/constrs_1/usercols.xml"/>
        <Attr Name="ImportTime" Val="1428981848"/>
      </FileInfo>
    </File>
    <File Path="$PSRCDIR/constrs_1/imports/lab3/lab3_system.xdc">
      <FileInfo>
        <Attr Name="ImportPath" Val="$PPRDIR/../source/lab3/lab3_system.xdc"/>
        <Attr Name="ImportTime" Val="1431396399"/>
        <Attr Name="UsedInSynthesis" Val="1"/>
        <Attr Name="UsedInImplementation" Val="1"/>
        <Attr Name="UsedIn" Val="synthesis"/>
        <Attr Name="UsedIn" Val="implementation"/>
      </FileInfo>
    </File>
    <Config>
      <Option Name="TargetConstrsFile" Val="$PSRCDIR/constrs_1/imports/lab2/lab2.xdc"/>
      <Option Name="ConstrsType" Val="XDC"/>
    </Config>
  </FileSet>
</DARoots>
